[
  {
    "level": 2,
    "question": "Honors Biology Chapter 3 Test Review",
    "choices": [
      "Option A",
      "Option B",
      "Option C",
      "Option D"
    ],
    "answer": 0,
    "explain": "Explanation placeholder."
  },
  {
    "level": 3,
    "question": "What is in a hydroxyl group?",
    "choices": [
      "-OH group",
      "-COOH group",
      "-NH2 group",
      "-CH3 group"
    ],
    "answer": 0,
    "explain": "A hydroxyl group consists of an -OH functional group."
  },
  {
    "level": 4,
    "question": "What is lactose intolerance?",
    "choices": [
      "Inability to digest glucose",
      "Inability to digest lactose",
      "Inability to digest sucrose",
      "Inability to digest starch"
    ],
    "answer": 1,
    "explain": "Lactose intolerance is the inability to digest lactose due to lack of lactase."
  },
  {
    "level": 5,
    "question": "What is an isomer?",
    "choices": [
      "Molecules with same formula but different structures",
      "Molecules with same atoms and structure",
      "Molecules with different formulas but same shape",
      "Unstable molecules"
    ],
    "answer": 0,
    "explain": "Isomers have the same chemical formula but different structures."
  },
  {
    "level": 1,
    "question": "What are people that are lactose intolerant unable to do?",
    "choices": [
      "Option A",
      "Option B",
      "Option C",
      "Option D"
    ],
    "answer": 0,
    "explain": "Explanation placeholder."
  },
  {
    "level": 2,
    "question": "True or false \u2013 hydrocarbons are an organic compound",
    "choices": [
      "True",
      "False"
    ],
    "answer": 0,
    "explain": "Hydrocarbons are organic compounds made only of carbon and hydrogen."
  },
  {
    "level": 3,
    "question": "What do all organic compounds contain?",
    "choices": [
      "Option A",
      "Option B",
      "Option C",
      "Option D"
    ],
    "answer": 0,
    "explain": "Explanation placeholder."
  },
  {
    "level": 4,
    "question": "Why is carbon such an important molecule?",
    "choices": [
      "Option A",
      "Option B",
      "Option C",
      "Option D"
    ],
    "answer": 0,
    "explain": "Explanation placeholder."
  },
  {
    "level": 5,
    "question": "What is in a carboxyl group?",
    "choices": [
      "-COOH group",
      "-OH group",
      "-NH2 group",
      "-CH3 group"
    ],
    "answer": 0,
    "explain": "A carboxyl group consists of -COOH."
  },
  {
    "level": 1,
    "question": "What does an enzyme do?",
    "choices": [
      "Speed up reactions",
      "Store genetic info",
      "Provide structure",
      "Transport oxygen"
    ],
    "answer": 0,
    "explain": "Enzymes are biological catalysts that speed up reactions."
  },
  {
    "level": 2,
    "question": "What functional group is capable of regulating gene expression?",
    "choices": [
      "Option A",
      "Option B",
      "Option C",
      "Option D"
    ],
    "answer": 0,
    "explain": "Explanation placeholder."
  },
  {
    "level": 3,
    "question": "What molecule contains a carboxyl and an amino group?",
    "choices": [
      "-COOH group",
      "-OH group",
      "-NH2 group",
      "-CH3 group"
    ],
    "answer": 0,
    "explain": "A carboxyl group consists of -COOH."
  },
  {
    "level": 4,
    "question": "What can the results of a dehydration reaction be reversed by?",
    "choices": [
      "Option A",
      "Option B",
      "Option C",
      "Option D"
    ],
    "answer": 0,
    "explain": "Explanation placeholder."
  },
  {
    "level": 5,
    "question": "How are monomers and joined together to create polymers?",
    "choices": [
      "Option A",
      "Option B",
      "Option C",
      "Option D"
    ],
    "answer": 0,
    "explain": "Explanation placeholder."
  },
  {
    "level": 1,
    "question": "Why would a diet high in red meat (animal products) and hydrogenated vegetable oil increase the risk for heart disease?",
    "choices": [
      "Option A",
      "Option B",
      "Option C",
      "Option D"
    ],
    "answer": 0,
    "explain": "Explanation placeholder."
  },
  {
    "level": 2,
    "question": "What is the molecular formula of most monosaccharides?",
    "choices": [
      "Option A",
      "Option B",
      "Option C",
      "Option D"
    ],
    "answer": 0,
    "explain": "Explanation placeholder."
  },
  {
    "level": 3,
    "question": "How does a disaccharide form?",
    "choices": [
      "Option A",
      "Option B",
      "Option C",
      "Option D"
    ],
    "answer": 0,
    "explain": "Explanation placeholder."
  },
  {
    "level": 4,
    "question": "C100H200O100 would most likely be what macromolecule?",
    "choices": [
      "Option A",
      "Option B",
      "Option C",
      "Option D"
    ],
    "answer": 0,
    "explain": "Explanation placeholder."
  },
  {
    "level": 5,
    "question": "How are carbohydrates stored in animals? In plants?",
    "choices": [
      "Option A",
      "Option B",
      "Option C",
      "Option D"
    ],
    "answer": 0,
    "explain": "Explanation placeholder."
  },
  {
    "level": 1,
    "question": "What suffix do most sugars end in?",
    "choices": [
      "Option A",
      "Option B",
      "Option C",
      "Option D"
    ],
    "answer": 0,
    "explain": "Explanation placeholder."
  },
  {
    "level": 2,
    "question": "What are the major polysaccharides?",
    "choices": [
      "Option A",
      "Option B",
      "Option C",
      "Option D"
    ],
    "answer": 0,
    "explain": "Explanation placeholder."
  },
  {
    "level": 3,
    "question": "What are fatty acids with double bonds known as?",
    "choices": [
      "Option A",
      "Option B",
      "Option C",
      "Option D"
    ],
    "answer": 0,
    "explain": "Explanation placeholder."
  },
  {
    "level": 4,
    "question": "What makes fats hydrophobic?",
    "choices": [
      "Option A",
      "Option B",
      "Option C",
      "Option D"
    ],
    "answer": 0,
    "explain": "Explanation placeholder."
  },
  {
    "level": 5,
    "question": "What is the major lipid found in cell membranes?",
    "choices": [
      "Option A",
      "Option B",
      "Option C",
      "Option D"
    ],
    "answer": 0,
    "explain": "Explanation placeholder."
  },
  {
    "level": 1,
    "question": "What are fatty acids made of chemically?",
    "choices": [
      "Option A",
      "Option B",
      "Option C",
      "Option D"
    ],
    "answer": 0,
    "explain": "Explanation placeholder."
  },
  {
    "level": 2,
    "question": "What performance enhancing substance is made of lipids?",
    "choices": [
      "Option A",
      "Option B",
      "Option C",
      "Option D"
    ],
    "answer": 0,
    "explain": "Explanation placeholder."
  },
  {
    "level": 3,
    "question": "Would you use a unaltered or hydrogenated olive oil would you use to lower your risk of heart disease?",
    "choices": [
      "Option A",
      "Option B",
      "Option C",
      "Option D"
    ],
    "answer": 0,
    "explain": "Explanation placeholder."
  },
  {
    "level": 4,
    "question": "What is a triglyceride made of?  Are they hydrophilic or hydrophobic?",
    "choices": [
      "Option A",
      "Option B",
      "Option C",
      "Option D"
    ],
    "answer": 0,
    "explain": "Explanation placeholder."
  },
  {
    "level": 5,
    "question": "What are peptide bonds?",
    "choices": [
      "Option A",
      "Option B",
      "Option C",
      "Option D"
    ],
    "answer": 0,
    "explain": "Explanation placeholder."
  },
  {
    "level": 1,
    "question": "True or false: Steroids increase bone growth",
    "choices": [
      "Option A",
      "Option B",
      "Option C",
      "Option D"
    ],
    "answer": 0,
    "explain": "Explanation placeholder."
  },
  {
    "level": 2,
    "question": "What is the primary structure of a protein?",
    "choices": [
      "Option A",
      "Option B",
      "Option C",
      "Option D"
    ],
    "answer": 0,
    "explain": "Explanation placeholder."
  },
  {
    "level": 3,
    "question": "How are amino acids distinguished from one another?",
    "choices": [
      "Option A",
      "Option B",
      "Option C",
      "Option D"
    ],
    "answer": 0,
    "explain": "Explanation placeholder."
  },
  {
    "level": 4,
    "question": "What happens when a protein becomes denatured?",
    "choices": [
      "Option A",
      "Option B",
      "Option C",
      "Option D"
    ],
    "answer": 0,
    "explain": "Explanation placeholder."
  },
  {
    "level": 5,
    "question": "What is the building block of a protein?",
    "choices": [
      "Option A",
      "Option B",
      "Option C",
      "Option D"
    ],
    "answer": 0,
    "explain": "Explanation placeholder."
  },
  {
    "level": 1,
    "question": "How are proteins different from one another?",
    "choices": [
      "Option A",
      "Option B",
      "Option C",
      "Option D"
    ],
    "answer": 0,
    "explain": "Explanation placeholder."
  },
  {
    "level": 2,
    "question": "What is the DNA sequence complementary to TCGAAATTGCAA?",
    "choices": [
      "Option A",
      "Option B",
      "Option C",
      "Option D"
    ],
    "answer": 0,
    "explain": "Explanation placeholder."
  },
  {
    "level": 3,
    "question": "What is a secondary structure protein?",
    "choices": [
      "Option A",
      "Option B",
      "Option C",
      "Option D"
    ],
    "answer": 0,
    "explain": "Explanation placeholder."
  },
  {
    "level": 4,
    "question": "What is a tertiary structure of a polypeptide refer to?",
    "choices": [
      "Option A",
      "Option B",
      "Option C",
      "Option D"
    ],
    "answer": 0,
    "explain": "Explanation placeholder."
  },
  {
    "level": 5,
    "question": "How are genes used by cells to build proteins?",
    "choices": [
      "Option A",
      "Option B",
      "Option C",
      "Option D"
    ],
    "answer": 0,
    "explain": "Explanation placeholder."
  },
  {
    "level": 1,
    "question": "How does DNA and nucleotides work to create polymers out of monomers?",
    "choices": [
      "Option A",
      "Option B",
      "Option C",
      "Option D"
    ],
    "answer": 0,
    "explain": "Explanation placeholder."
  },
  {
    "level": 2,
    "question": "How does DNA differ from RNA?",
    "choices": [
      "Option A",
      "Option B",
      "Option C",
      "Option D"
    ],
    "answer": 0,
    "explain": "Explanation placeholder."
  },
  {
    "level": 3,
    "question": "What does a nucleotide contain?",
    "choices": [
      "Option A",
      "Option B",
      "Option C",
      "Option D"
    ],
    "answer": 0,
    "explain": "Explanation placeholder."
  },
  {
    "level": 4,
    "question": "What is the flow of information in gene expression?",
    "choices": [
      "Option A",
      "Option B",
      "Option C",
      "Option D"
    ],
    "answer": 0,
    "explain": "Explanation placeholder."
  },
  {
    "level": 5,
    "question": "What is the difference in these two structural isomers?",
    "choices": [
      "Molecules with same formula but different structures",
      "Molecules with same atoms and structure",
      "Molecules with different formulas but same shape",
      "Unstable molecules"
    ],
    "answer": 0,
    "explain": "Isomers have the same chemical formula but different structures."
  },
  {
    "level": 1,
    "question": "These two molecules are structural isomers. What is the difference between them?",
    "choices": [
      "Molecules with same formula but different structures",
      "Molecules with same atoms and structure",
      "Molecules with different formulas but same shape",
      "Unstable molecules"
    ],
    "answer": 0,
    "explain": "Isomers have the same chemical formula but different structures."
  },
  {
    "level": 2,
    "question": "Why can\u2019t a person who is lactose intolerant digest a glass of whole milk?",
    "choices": [
      "Option A",
      "Option B",
      "Option C",
      "Option D"
    ],
    "answer": 0,
    "explain": "Explanation placeholder."
  },
  {
    "level": 3,
    "question": "How are amino acids attached to one another?",
    "choices": [
      "Option A",
      "Option B",
      "Option C",
      "Option D"
    ],
    "answer": 0,
    "explain": "Explanation placeholder."
  },
  {
    "level": 4,
    "question": "If you ate a Twinkie, what kind of sugar would you expect in your digestive system?",
    "choices": [
      "Option A",
      "Option B",
      "Option C",
      "Option D"
    ],
    "answer": 0,
    "explain": "Explanation placeholder."
  },
  {
    "level": 5,
    "question": "What metabolic process is likely occurring when digesting a Twinkie?",
    "choices": [
      "Option A",
      "Option B",
      "Option C",
      "Option D"
    ],
    "answer": 0,
    "explain": "Explanation placeholder."
  },
  {
    "level": 1,
    "question": "What would happen to a protein due to the acidic nature of your stomach?",
    "choices": [
      "Option A",
      "Option B",
      "Option C",
      "Option D"
    ],
    "answer": 0,
    "explain": "Explanation placeholder."
  }
]