[
  {
    "level": 1,
    "question": "Example: What is in a hydroxyl group?",
    "choices": [
      "-OH",
      "-COOH",
      "-NH2",
      "-CH3"
    ],
    "answer": 0,
    "explain": ""
  },
  {
    "level": 1,
    "question": "Example: What is lactose intolerance?",
    "choices": [
      "Inability to digest glucose",
      "Inability to digest lactose",
      "Inability to digest sucrose",
      "Inability to digest starch"
    ],
    "answer": 1,
    "explain": ""
  },
  {
    "level": 2,
    "question": "Example: What is an isomer?",
    "choices": [
      "Same formula, different structure",
      "Different formula, same structure",
      "Unstable molecule",
      "Radioactive molecule"
    ],
    "answer": 0,
    "explain": ""
  }
]